{
    "Peso Prom. Final": {
        "MAE": 0.01843379013546126,
        "R2": 0.9918133346573174,
        "MSE": 0.0007079482471143974,
        "MAPE": 0.006969959342228343
    },
    "Porc Consumo": {
        "MAE": 0.035383384111261525,
        "R2": 0.9930522384919417,
        "MSE": 0.002439648266816874,
        "MAPE": 0.00825920689777904
    },
    "ICA": {
        "MAE": 0.008821929018349913,
        "R2": 0.9897722441886214,
        "MSE": 0.00015981579424785,
        "MAPE": 0.005443444192273165
    },
    "Por_Mort._Final": {
        "MAE": 0.30262266093822565,
        "R2": 0.992270872623698,
        "MSE": 0.19055225768268777,
        "MAPE": 0.04527643658314358
    }
}